Model,Accuracy
Logistic Regression,0.7223127035830619
SVM,0.721942552561445
Random Forest,0.7045454545454546
KNN,0.6889250814332247
Decision Tree,0.6288125555226532
